x;y;layer1;layer2;voltage1;voltage2;current
60.932;569.616;TOP_LAYER;GND;0.0114816;0.0114816;1.74069e-14
60.932;569.616;GND;VCC;0.0114816;0.0114816;-6.31757e-14
60.932;569.616;VCC;BOTTOM_LAYER;0.0114816;0.0114816;-5.22208e-14
111.201;1968.8;TOP_LAYER;GND;0.00863185;0.00863185;5.22208e-14
111.201;1968.8;GND;VCC;0.00863185;0.00863185;-4.83899e-14
111.201;1968.8;VCC;BOTTOM_LAYER;0.00863185;0.00863185;-3.48139e-14
130.568;1424.43;TOP_LAYER;GND;0.011389;0.011389;5.22208e-14
130.568;1424.43;GND;VCC;0.011389;0.011389;-2.01625e-14
130.568;1424.43;VCC;BOTTOM_LAYER;0.011389;0.011389;-1.74069e-14
147.773;1784.43;TOP_LAYER;GND;2.82904;2.82904;1.33685e-11
147.773;1784.43;GND;VCC;2.82904;2.82904;1.54848e-11
147.773;1784.43;VCC;BOTTOM_LAYER;2.82904;2.82904;-4.45617e-12
191.568;510.432;TOP_LAYER;GND;0.0114875;0.0114875;5.22208e-14
191.568;510.432;GND;VCC;0.0114875;0.0114875;6.31757e-14
191.568;510.432;VCC;BOTTOM_LAYER;0.0114875;0.0114875;6.96277e-14
204.506;1321.08;TOP_LAYER;GND;2.82898;2.82898;-0
204.506;1321.08;GND;VCC;2.82898;2.82898;2.39574e-12
204.506;1321.08;VCC;BOTTOM_LAYER;2.82898;2.82898;-6.20497e-12
204.506;1370.3;TOP_LAYER;GND;0.0113889;0.0113889;2.42382e-14
204.506;1370.3;GND;VCC;0.0113889;0.0113889;-2.43318e-14
204.506;1370.3;VCC;BOTTOM_LAYER;0.0113889;0.0113889;-4.84764e-14
210.568;1724.43;TOP_LAYER;GND;2.82904;2.82904;1.33685e-11
210.568;1724.43;GND;VCC;2.82904;2.82904;1.54848e-11
210.568;1724.43;VCC;BOTTOM_LAYER;2.82904;2.82904;-5.79124e-05
219.151;1514.43;TOP_LAYER;GND;0.00877576;0.00877576;5.22208e-14
219.151;1514.43;GND;VCC;0.00877576;0.00877876;-0.00232229
219.151;1514.43;VCC;BOTTOM_LAYER;0.00877876;0.00877899;-0.00232229
219.793;1554.43;TOP_LAYER;GND;0.0087747;0.0087747;5.22208e-14
219.793;1554.43;GND;VCC;0.0087747;0.00877843;-0.00288746
219.793;1554.43;VCC;BOTTOM_LAYER;0.00877843;0.00877871;-0.00288746
223.066;893.432;TOP_LAYER;GND;2.82899;2.82899;1.33685e-11
223.066;893.432;GND;VCC;2.82899;2.82899;1.54848e-11
223.066;893.432;VCC;BOTTOM_LAYER;2.82899;2.82899;-9.89767e-06
223.725;1589.5;TOP_LAYER;GND;0.00877242;0.00877242;3.48139e-14
223.725;1589.5;GND;VCC;0.00877242;0.00877572;-0.0025614
223.725;1589.5;VCC;BOTTOM_LAYER;0.00877572;0.00877598;-0.0025614
240.568;1707.46;TOP_LAYER;GND;2.82904;2.82904;1.33685e-11
240.568;1707.46;GND;VCC;2.82904;2.82904;1.54848e-11
240.568;1707.46;VCC;BOTTOM_LAYER;2.82904;2.82904;1.49516e-05
240.568;1744.43;TOP_LAYER;GND;2.82904;2.82904;8.91235e-12
240.568;1744.43;GND;VCC;2.82904;2.82904;1.47966e-11
240.568;1744.43;VCC;BOTTOM_LAYER;2.82904;2.82904;-6.45062e-05
250.568;2024.43;TOP_LAYER;GND;0.00862223;0.00862223;5.22208e-14
250.568;2024.43;GND;VCC;0.00862223;0.00862223;-4.70458e-14
250.568;2024.43;VCC;BOTTOM_LAYER;0.00862223;0.00862223;-5.22208e-14
256.568;866.432;TOP_LAYER;GND;2.82899;2.82899;1.33685e-11
256.568;866.432;GND;VCC;2.82899;2.82899;1.54848e-11
256.568;866.432;VCC;BOTTOM_LAYER;2.82899;2.82899;-2.15658e-06
265.568;1514.43;TOP_LAYER;GND;0.00878182;0.00878182;6.96277e-14
265.568;1514.43;GND;VCC;0.00878182;0.00878064;0.000911545
265.568;1514.43;VCC;BOTTOM_LAYER;0.00878064;0.00878055;0.000911545
265.568;1554.43;TOP_LAYER;GND;0.00878198;0.00878198;5.22208e-14
265.568;1554.43;GND;VCC;0.00878198;0.00878037;0.00124737
265.568;1554.43;VCC;BOTTOM_LAYER;0.00878037;0.00878025;0.00124737
283.068;725.535;TOP_LAYER;GND;2.82899;2.82899;8.91235e-12
283.068;725.535;GND;VCC;2.82899;2.82899;9.97908e-12
283.068;725.535;VCC;BOTTOM_LAYER;2.82899;2.82899;2.38575e-06
283.068;984.432;TOP_LAYER;GND;0.0114313;0.0114313;6.96277e-14
283.068;984.432;GND;VCC;0.0114313;0.0114313;5.37666e-15
283.068;984.432;VCC;BOTTOM_LAYER;0.0114313;0.0114313;1.74069e-14
287.863;1235.13;TOP_LAYER;GND;0.0113898;0.0113898;3.48139e-14
287.863;1235.13;GND;VCC;0.0113898;0.0113898;-6.31757e-14
287.863;1235.13;VCC;BOTTOM_LAYER;0.0113898;0.0113898;-5.22208e-14
295.568;634.432;TOP_LAYER;GND;0.0114851;0.0114851;5.22208e-14
295.568;634.432;GND;VCC;0.0114851;0.0114851;-4.83899e-14
295.568;634.432;VCC;BOTTOM_LAYER;0.0114851;0.0114851;-3.48139e-14
295.568;834.432;TOP_LAYER;GND;2.82899;2.82899;-0
295.568;834.432;GND;VCC;2.82899;2.82899;-0
295.568;834.432;VCC;BOTTOM_LAYER;2.82899;2.82899;9.6685e-06
310.568;1357.79;TOP_LAYER;GND;0.0113887;0.0113887;5.22208e-14
310.568;1357.79;GND;VCC;0.0113887;0.0113886;5.81535e-05
310.568;1357.79;VCC;BOTTOM_LAYER;0.0113886;0.0113886;5.81535e-05
310.568;1514.43;TOP_LAYER;GND;0.00878975;0.00878975;5.22208e-14
310.568;1514.43;GND;VCC;0.00878975;0.00878251;0.00561224
310.568;1514.43;VCC;BOTTOM_LAYER;0.00878251;0.00878195;0.00561224
355.568;969.432;TOP_LAYER;GND;0.0114288;0.0114288;5.22208e-14
355.568;969.432;GND;VCC;0.0114288;0.0114288;-4.03249e-14
355.568;969.432;VCC;BOTTOM_LAYER;0.0114288;0.0114288;-3.48139e-14
359.568;91.4322;TOP_LAYER;GND;0.0119005;0.0119005;5.22208e-14
359.568;91.4322;GND;VCC;0.0119005;0.0119005;2.7646e-06
359.568;91.4322;VCC;BOTTOM_LAYER;0.0119005;0.0119005;2.7646e-06
357.48;151.52;TOP_LAYER;GND;0.0119004;0.0119004;2.11514e-14
357.48;151.52;GND;VCC;0.0119004;0.0119005;-2.09424e-05
357.48;151.52;VCC;BOTTOM_LAYER;0.0119005;0.0119005;-2.09424e-05
380.568;2094.43;TOP_LAYER;GND;0.00859499;0.00859499;3.48139e-14
380.568;2094.43;GND;VCC;0.00859499;0.00859499;-4.70458e-14
380.568;2094.43;VCC;BOTTOM_LAYER;0.00859499;0.00859499;-3.48139e-14
389.48;1759.52;TOP_LAYER;GND;2.82904;2.82904;-0
389.48;1759.52;GND;VCC;2.82904;2.82904;-4.18127e-13
389.48;1759.52;VCC;BOTTOM_LAYER;2.82904;2.82904;0.000107467
395.568;934.432;TOP_LAYER;GND;0.0114334;0.0114334;5.22208e-14
395.568;934.432;GND;VCC;0.0114334;0.0114334;-6.31757e-14
395.568;934.432;VCC;BOTTOM_LAYER;0.0114334;0.0114334;-5.22208e-14
405.568;519.432;TOP_LAYER;GND;0.0115041;0.0115041;5.22208e-14
405.568;519.432;GND;VCC;0.0115041;0.0115041;-4.03249e-14
405.568;519.432;VCC;BOTTOM_LAYER;0.0115041;0.0115041;-3.48139e-14
409.647;103.432;TOP_LAYER;GND;0.0119005;0.0119005;-1.74069e-14
409.647;103.432;GND;VCC;0.0119005;0.0119005;1.81778e-05
409.647;103.432;VCC;BOTTOM_LAYER;0.0119005;0.0119005;1.81778e-05
420.568;1869.43;TOP_LAYER;GND;0.00871316;0.00871467;-0.0151097
420.568;1869.43;GND;VCC;0.00871467;0.00871467;-4.83899e-14
420.568;1869.43;VCC;BOTTOM_LAYER;0.00871467;0.00871467;-3.48139e-14
430.568;1934.43;TOP_LAYER;GND;0.00870091;0.00869767;0.0325782
430.568;1934.43;GND;VCC;0.00869767;0.00869767;-4.83899e-14
430.568;1934.43;VCC;BOTTOM_LAYER;0.00869767;0.00869767;-3.48139e-14
439.426;1047.2;TOP_LAYER;GND;0.0114052;0.0114052;-3.48139e-14
439.426;1047.2;GND;VCC;0.0114052;0.0114052;-6.31757e-14
439.426;1047.2;VCC;BOTTOM_LAYER;0.0114052;0.0114052;-5.22208e-14
455.568;2439.43;TOP_LAYER;GND;0.0083802;0.0083802;3.48139e-14
455.568;2439.43;GND;VCC;0.0083802;0.0083802;-3.49483e-14
455.568;2439.43;VCC;BOTTOM_LAYER;0.0083802;0.0083802;-1.74069e-14
465.98;1359.88;TOP_LAYER;GND;0.0113889;0.0113888;0.000506625
465.98;1359.88;GND;VCC;0.0113888;0.0113885;0.000174035
465.98;1359.88;VCC;BOTTOM_LAYER;0.0113885;0.0113884;0.000174035
473.48;1335.52;TOP_LAYER;GND;0.0113877;0.0113874;0.00159737
473.48;1335.52;GND;VCC;0.0113874;0.0113882;-0.000381038
473.48;1335.52;VCC;BOTTOM_LAYER;0.0113882;0.0113883;-0.000381038
473.48;1381.39;TOP_LAYER;GND;0.0113893;0.0113888;0.00289617
473.48;1381.39;GND;VCC;0.0113888;0.0113885;0.000148849
473.48;1381.39;VCC;BOTTOM_LAYER;0.0113885;0.0113885;0.000148849
476.48;155.52;TOP_LAYER;GND;0.0119001;0.0119001;-2.20449e-05
476.48;155.52;GND;VCC;0.0119001;0.0119001;2.69496e-14
476.48;155.52;VCC;BOTTOM_LAYER;0.0119001;0.0119001;2.11514e-14
476.48;178.52;TOP_LAYER;GND;0.0119001;0.0119001;2.20449e-05
476.48;178.52;GND;VCC;0.0119001;0.0119001;2.3683e-14
476.48;178.52;VCC;BOTTOM_LAYER;0.0119001;0.0119001;2.11514e-14
480.98;1261.52;TOP_LAYER;GND;2.82897;2.82897;-0.00333561
480.98;1261.52;GND;VCC;2.82897;2.82898;-0.00333561
480.98;1261.52;VCC;BOTTOM_LAYER;2.82898;2.82898;0.000948107
480.98;1285;TOP_LAYER;GND;2.82897;2.82897;-0.00381577
480.98;1285;GND;VCC;2.82897;2.82898;-0.00381577
480.98;1285;VCC;BOTTOM_LAYER;2.82898;2.82898;0.000637231
480.98;1304.41;TOP_LAYER;GND;2.82897;2.82897;-0.00284863
480.98;1304.41;GND;VCC;2.82897;2.82898;-0.00284863
480.98;1304.41;VCC;BOTTOM_LAYER;2.82898;2.82898;-0.00158534
484.997;260.52;TOP_LAYER;GND;0.0119;0.0119;-0
484.997;260.52;GND;VCC;0.0119;0.0119;2.1233e-14
484.997;260.52;VCC;BOTTOM_LAYER;0.0119;0.0119;2.11514e-14
490.095;1869.43;TOP_LAYER;GND;0.00871823;0.0087222;-0.0399157
490.095;1869.43;GND;VCC;0.0087222;0.0087222;-4.83899e-14
490.095;1869.43;VCC;BOTTOM_LAYER;0.0087222;0.0087222;-3.48139e-14
490.568;1934.43;TOP_LAYER;GND;0.00870419;0.00870196;0.0224472
490.568;1934.43;GND;VCC;0.00870196;0.00870196;-4.83899e-14
490.568;1934.43;VCC;BOTTOM_LAYER;0.00870196;0.00870196;-3.48139e-14
508.489;1644.43;TOP_LAYER;GND;2.82904;2.82904;4.45617e-12
508.489;1644.43;GND;VCC;2.82904;2.82904;1.03232e-11
508.489;1644.43;VCC;BOTTOM_LAYER;2.82904;2.82904;-1.33685e-11
529.568;258.432;TOP_LAYER;GND;2.82907;2.82907;1.59175e-08
529.568;258.432;GND;VCC;2.82907;2.82907;1.59187e-08
529.568;258.432;VCC;BOTTOM_LAYER;2.82907;2.82907;1.59219e-08
532.316;189.432;TOP_LAYER;GND;2.82907;2.82907;-1.6388e-07
532.316;189.432;GND;VCC;2.82907;2.82907;-1.63876e-07
532.316;189.432;VCC;BOTTOM_LAYER;2.82907;2.82907;1.05881e-06
532.316;225.432;TOP_LAYER;GND;2.82907;2.82907;1.47958e-07
532.316;225.432;GND;VCC;2.82907;2.82907;1.47962e-07
532.316;225.432;VCC;BOTTOM_LAYER;2.82907;2.82907;-1.07476e-06
548.066;834.432;TOP_LAYER;GND;0.0114702;0.0114696;0.00646129
548.066;834.432;GND;VCC;0.0114696;0.0114724;-0.00220247
548.066;834.432;VCC;BOTTOM_LAYER;0.0114724;0.0114727;-0.00220247
550.099;764.432;TOP_LAYER;GND;0.0114737;0.0114737;-0.000388099
550.099;764.432;GND;VCC;0.0114737;0.0114735;0.000169791
550.099;764.432;VCC;BOTTOM_LAYER;0.0114735;0.0114735;0.000169791
579.277;1455.72;TOP_LAYER;GND;0.0113907;0.0113902;0.00499984
579.277;1455.72;GND;VCC;0.0113902;0.0113902;-6.31757e-14
579.277;1455.72;VCC;BOTTOM_LAYER;0.0113902;0.0113902;-5.22208e-14
590.568;736.505;TOP_LAYER;GND;0.0114788;0.0114795;-0.00756546
590.568;736.505;GND;VCC;0.0114795;0.0114749;0.00355604
590.568;736.505;VCC;BOTTOM_LAYER;0.0114749;0.0114746;0.00355604
590.568;834.432;TOP_LAYER;GND;0.0114709;0.0114708;0.00149227
590.568;834.432;GND;VCC;0.0114708;0.0114727;-0.00152336
590.568;834.432;VCC;BOTTOM_LAYER;0.0114727;0.0114729;-0.00152336
590.568;1023.74;TOP_LAYER;GND;2.82899;2.82899;8.91235e-12
590.568;1023.74;GND;VCC;2.82899;2.82899;9.97908e-12
590.568;1023.74;VCC;BOTTOM_LAYER;2.82899;2.82899;-0
609.15;529.039;TOP_LAYER;GND;0.0115618;0.0115594;0.0244455
609.15;529.039;GND;VCC;0.0115594;0.0115732;-0.0107207
609.15;529.039;VCC;BOTTOM_LAYER;0.0115732;0.0115743;-0.0107207
615.568;2174.43;TOP_LAYER;GND;0.00850322;0.00850322;3.48139e-14
615.568;2174.43;GND;VCC;0.00850322;0.00850322;-4.70458e-14
615.568;2174.43;VCC;BOTTOM_LAYER;0.00850322;0.00850322;-3.48139e-14
624.568;1446.43;TOP_LAYER;GND;2.82898;2.82898;-8.91235e-12
624.568;1446.43;GND;VCC;2.82898;2.82898;-4.81749e-12
624.568;1446.43;VCC;BOTTOM_LAYER;2.82898;2.82898;-1.33685e-11
640.01;1206.93;TOP_LAYER;GND;2.82898;2.82898;2.22809e-11
640.01;1206.93;GND;VCC;2.82898;2.82898;2.06464e-11
640.01;1206.93;VCC;BOTTOM_LAYER;2.82898;2.82898;-1.33685e-11
650.568;529.039;TOP_LAYER;GND;0.0115763;0.0115752;0.0110846
650.568;529.039;GND;VCC;0.0115752;0.0115812;-0.00467083
650.568;529.039;VCC;BOTTOM_LAYER;0.0115812;0.0115817;-0.00467083
665.568;2094.43;TOP_LAYER;GND;0.00854929;0.00854929;3.48139e-14
665.568;2094.43;GND;VCC;0.00854929;0.00854505;0.00328544
665.568;2094.43;VCC;BOTTOM_LAYER;0.00854505;0.00854472;0.00328544
670.82;954.585;TOP_LAYER;GND;0.0114492;0.0114492;-1.74069e-14
670.82;954.585;GND;VCC;0.0114492;0.0114492;-1.34417e-15
670.82;954.585;VCC;BOTTOM_LAYER;0.0114492;0.0114492;1.74069e-14
675.568;2479.43;TOP_LAYER;GND;0.00824311;0.00824311;5.22208e-14
675.568;2479.43;GND;VCC;0.00824311;0.00824311;-1.613e-14
675.568;2479.43;VCC;BOTTOM_LAYER;0.00824311;0.00824311;-0
688.596;669.432;TOP_LAYER;GND;0.0115148;0.0115148;6.96277e-14
688.596;669.432;GND;VCC;0.0115148;0.0115148;-6.31757e-14
688.596;669.432;VCC;BOTTOM_LAYER;0.0115148;0.0115148;-5.22208e-14
700.568;539.432;TOP_LAYER;GND;0.0115916;0.0115888;0.027855
700.568;539.432;GND;VCC;0.0115888;0.0115904;-0.00119884
700.568;539.432;VCC;BOTTOM_LAYER;0.0115904;0.0115905;-0.00119884
705.568;2094.43;TOP_LAYER;GND;0.00854139;0.00854139;3.48139e-14
705.568;2094.43;GND;VCC;0.00854139;0.00853928;0.00163843
705.568;2094.43;VCC;BOTTOM_LAYER;0.00853928;0.00853911;0.00163843
740.497;2094.43;TOP_LAYER;GND;0.00852834;0.00852834;3.48139e-14
740.497;2094.43;GND;VCC;0.00852834;0.00853834;-0.00774957
740.497;2094.43;VCC;BOTTOM_LAYER;0.00853834;0.00853911;-0.00774957
745.568;539.432;TOP_LAYER;GND;0.0116123;0.0116187;-0.0633852
745.568;539.432;GND;VCC;0.0116187;0.0115972;0.0165903
745.568;539.432;VCC;BOTTOM_LAYER;0.0115972;0.0115956;0.0165903
760.568;1974.43;TOP_LAYER;GND;2.82904;2.82904;1.33685e-11
760.568;1974.43;GND;VCC;2.82904;2.82904;1.54848e-11
760.568;1974.43;VCC;BOTTOM_LAYER;2.82904;2.82904;-1.33685e-11
760.568;2044.43;TOP_LAYER;GND;0.00854586;0.00854586;3.48139e-14
760.568;2044.43;GND;VCC;0.00854586;0.00854222;0.00282571
760.568;2044.43;VCC;BOTTOM_LAYER;0.00854222;0.00854194;0.00282571
768.568;1908.43;TOP_LAYER;GND;2.82904;2.82904;-0
768.568;1908.43;GND;VCC;2.82904;2.82904;5.5057e-12
768.568;1908.43;VCC;BOTTOM_LAYER;2.82904;2.82904;-1.78247e-11
801.858;1665.72;TOP_LAYER;GND;0.00913703;0.00913703;-0
801.858;1665.72;GND;VCC;0.00913703;0.00913703;-5.51108e-14
801.858;1665.72;VCC;BOTTOM_LAYER;0.00913703;0.00913703;-3.48139e-14
857.667;137.333;TOP_LAYER;GND;2.82907;2.82907;2.08042e-11
857.667;137.333;GND;VCC;2.82907;2.82907;2.24911e-11
857.667;137.333;VCC;BOTTOM_LAYER;2.82907;2.82907;-0
853.73;1355.02;TOP_LAYER;GND;2.82905;2.82905;-5.41475e-12
853.73;1355.02;GND;VCC;2.82905;2.82905;-5.64472e-12
853.73;1355.02;VCC;BOTTOM_LAYER;2.82905;2.82905;-2.70738e-12
864.246;1847.83;TOP_LAYER;GND;0.00883761;0.00883761;3.48139e-14
864.246;1847.83;GND;VCC;0.00883761;0.00883761;-3.226e-14
864.246;1847.83;VCC;BOTTOM_LAYER;0.00883761;0.00883761;-1.74069e-14
865.568;1769.43;TOP_LAYER;GND;0.00896676;0.00896676;5.22208e-14
865.568;1769.43;GND;VCC;0.00896676;0.00896676;-4.03249e-14
865.568;1769.43;VCC;BOTTOM_LAYER;0.00896676;0.00896676;-3.48139e-14
890.103;1556.75;TOP_LAYER;GND;0.00939441;0.00939441;-1.74069e-14
890.103;1556.75;GND;VCC;0.00939441;0.00939441;-5.24224e-14
890.103;1556.75;VCC;BOTTOM_LAYER;0.00939441;0.00939441;-3.48139e-14
906.644;1365.07;TOP_LAYER;GND;0.0100468;0.0100468;5.22208e-14
906.644;1365.07;GND;VCC;0.0100468;0.0100468;1.88183e-14
906.644;1365.07;VCC;BOTTOM_LAYER;0.0100468;0.0100468;1.74069e-14
910.568;665.432;TOP_LAYER;GND;0.0116143;0.0116143;5.22208e-14
910.568;665.432;GND;VCC;0.0116143;0.0116143;-4.16691e-14
910.568;665.432;VCC;BOTTOM_LAYER;0.0116143;0.0116143;-3.48139e-14
933.467;1074.43;TOP_LAYER;GND;0.0110011;0.0110011;1.74069e-14
933.467;1074.43;GND;VCC;0.0110011;0.0110011;-6.04874e-14
933.467;1074.43;VCC;BOTTOM_LAYER;0.0110011;0.0110011;-5.22208e-14
957.667;137.333;TOP_LAYER;GND;0.0119929;0.0119929;1.219e-13
957.667;137.333;GND;VCC;0.0119929;0.0119929;-5.02033e-14
957.667;137.333;VCC;BOTTOM_LAYER;0.0119929;0.0119929;-4.06333e-14
1005.57;1114.43;TOP_LAYER;GND;0.0109568;0.0109568;5.22208e-14
1005.57;1114.43;GND;VCC;0.0109568;0.0109568;-6.04874e-14
1005.57;1114.43;VCC;BOTTOM_LAYER;0.0109568;0.0109568;-5.22208e-14
1039.35;860.501;TOP_LAYER;GND;0.0114126;0.0114126;5.22208e-14
1039.35;860.501;GND;VCC;0.0114126;0.0114026;0.00775875
1039.35;860.501;VCC;BOTTOM_LAYER;0.0114026;0.0114018;0.00775875
1039.35;895.065;TOP_LAYER;GND;0.0113688;0.0113688;5.22208e-14
1039.35;895.065;GND;VCC;0.0113688;0.0113994;-0.0237064
1039.35;895.065;VCC;BOTTOM_LAYER;0.0113994;0.0114018;-0.0237064
1037.26;998.371;TOP_LAYER;GND;2.82906;2.82906;2.70738e-12
1037.26;998.371;GND;VCC;2.82906;2.82906;2.92689e-12
1037.26;998.371;VCC;BOTTOM_LAYER;2.82906;2.82906;-5.41475e-12
1037.61;565.3;TOP_LAYER;GND;2.82907;2.82907;2.70738e-12
1037.61;565.3;GND;VCC;2.82907;2.82907;2.50876e-12
1037.61;565.3;VCC;BOTTOM_LAYER;2.82907;2.82907;8.12213e-12
1052.53;1964.6;TOP_LAYER;GND;0.00858502;0.00858502;-0
1052.53;1964.6;GND;VCC;0.00858502;0.00858502;3.10254e-15
1052.53;1964.6;VCC;BOTTOM_LAYER;0.00858502;0.00858502;-0
1085.57;895.065;TOP_LAYER;GND;0.011385;0.011385;6.96277e-14
1085.57;895.065;GND;VCC;0.011385;0.0114045;-0.0151035
1085.57;895.065;VCC;BOTTOM_LAYER;0.0114045;0.011406;-0.0151035
1088.42;852.082;TOP_LAYER;GND;0.0114322;0.0114322;6.96277e-14
1088.42;852.082;GND;VCC;0.0114322;0.0114123;0.0153816
1088.42;852.082;VCC;BOTTOM_LAYER;0.0114123;0.0114108;0.0153816
1100.57;1335.48;TOP_LAYER;GND;0.0102584;0.0102584;6.96277e-14
1100.57;1335.48;GND;VCC;0.0102584;0.0102584;-5.77991e-14
1100.57;1335.48;VCC;BOTTOM_LAYER;0.0102584;0.0102584;-3.48139e-14
1121.57;686.432;TOP_LAYER;GND;0.0117051;0.0117051;5.22208e-14
1121.57;686.432;GND;VCC;0.0117051;0.0117051;-6.45199e-14
1121.57;686.432;VCC;BOTTOM_LAYER;0.0117051;0.0117051;-5.22208e-14
1133.48;1210.89;TOP_LAYER;GND;0.0104685;0.0104685;2.11514e-14
1133.48;1210.89;GND;VCC;0.0104685;0.0104685;2.04164e-14
1133.48;1210.89;VCC;BOTTOM_LAYER;0.0104685;0.0104685;2.11514e-14
1155.57;2089.43;TOP_LAYER;GND;0.00828814;0.00829483;-0.0670916
1155.57;2089.43;GND;VCC;0.00829483;0.00827728;0.0135972
1155.57;2089.43;VCC;BOTTOM_LAYER;0.00827728;0.00827592;0.0135972
1155.57;2129.43;TOP_LAYER;GND;0.00825754;0.00825085;0.0670916
1155.57;2129.43;GND;VCC;0.00825085;0.0082684;-0.0135972
1155.57;2129.43;VCC;BOTTOM_LAYER;0.0082684;0.00826976;-0.0135972
1155.37;1011.52;TOP_LAYER;GND;2.82906;2.82906;-0.000137324
1155.37;1011.52;GND;VCC;2.82906;2.82906;-0.000137324
1155.37;1011.52;VCC;BOTTOM_LAYER;2.82906;2.82906;-2.70738e-12
1158.2;1211.43;TOP_LAYER;GND;2.82906;2.82906;0.000137324
1158.2;1211.43;GND;VCC;2.82906;2.82906;0.000137324
1158.2;1211.43;VCC;BOTTOM_LAYER;2.82906;2.82906;-8.12213e-12
1195.57;2394.43;TOP_LAYER;GND;0.00754705;0.00755531;-0.0828426
1195.57;2394.43;GND;VCC;0.00755531;0.00753722;0.0140127
1195.57;2394.43;VCC;BOTTOM_LAYER;0.00753722;0.00753583;0.0140127
1195.57;2444.43;TOP_LAYER;GND;0.00753053;0.00752733;0.0321123
1195.57;2444.43;GND;VCC;0.00752733;0.00753284;-0.00426743
1195.57;2444.43;VCC;BOTTOM_LAYER;0.00753284;0.00753326;-0.00426743
1205.57;902.432;TOP_LAYER;GND;0.0114241;0.0114241;5.22208e-14
1205.57;902.432;GND;VCC;0.0114241;0.0114234;0.000579015
1205.57;902.432;VCC;BOTTOM_LAYER;0.0114234;0.0114233;0.000579015
1230.57;1659.43;TOP_LAYER;GND;0.00941859;0.00942393;-0.053597
1230.57;1659.43;GND;VCC;0.00942393;0.00940898;0.0115877
1230.57;1659.43;VCC;BOTTOM_LAYER;0.00940898;0.00940782;0.0115877
1230.57;1699.43;TOP_LAYER;GND;0.00938616;0.00937694;0.0925704
1230.57;1699.43;GND;VCC;0.00937694;0.0093986;-0.0167852
1230.57;1699.43;VCC;BOTTOM_LAYER;0.0093986;0.00940027;-0.0167852
1233.48;1169.98;TOP_LAYER;GND;0.0109193;0.0109193;-2.11514e-14
1233.48;1169.98;GND;VCC;0.0109193;0.0109193;2.20497e-14
1233.48;1169.98;VCC;BOTTOM_LAYER;0.0109193;0.0109193;2.11514e-14
1235.57;2414.43;TOP_LAYER;GND;0.00752293;0.00751788;0.0507304
1235.57;2414.43;GND;VCC;0.00751788;0.00753045;-0.00974532
1235.57;2414.43;VCC;BOTTOM_LAYER;0.00753045;0.00753142;-0.00974532
1240.57;1948.66;TOP_LAYER;GND;0.00866589;0.00866589;3.48139e-14
1240.57;1948.66;GND;VCC;0.00866589;0.00866589;-4.70458e-14
1240.57;1948.66;VCC;BOTTOM_LAYER;0.00866589;0.00866589;-5.22208e-14
1244.93;889.432;TOP_LAYER;GND;0.011454;0.011454;6.96277e-14
1244.93;889.432;GND;VCC;0.011454;0.0114345;0.0150906
1244.93;889.432;VCC;BOTTOM_LAYER;0.0114345;0.011433;0.0150906
1274.95;1480.39;TOP_LAYER;GND;0.00989368;0.00989368;8.70347e-14
1274.95;1480.39;GND;VCC;0.00989368;0.00989368;-5.37666e-14
1274.95;1480.39;VCC;BOTTOM_LAYER;0.00989368;0.00989368;-5.22208e-14
1275.57;1659.43;TOP_LAYER;GND;0.00942702;0.0094344;-0.0740862
1275.57;1659.43;GND;VCC;0.0094344;0.0094118;0.0175112
1275.57;1659.43;VCC;BOTTOM_LAYER;0.0094118;0.00941006;0.0175112
1275.57;1699.43;TOP_LAYER;GND;0.00939163;0.00938442;0.072412
1275.57;1699.43;GND;VCC;0.00938442;0.00940031;-0.0123138
1275.57;1699.43;VCC;BOTTOM_LAYER;0.00940031;0.00940153;-0.0123138
1289.94;2168.33;TOP_LAYER;GND;2.82901;2.82901;-0.00895183
1289.94;2168.33;GND;VCC;2.82901;2.82902;-0.00895183
1289.94;2168.33;VCC;BOTTOM_LAYER;2.82902;2.82902;9.11065e-05
1322.63;1816.52;TOP_LAYER;GND;2.82894;2.82895;-0.0299969
1322.63;1816.52;GND;VCC;2.82895;2.82901;-0.0299969
1322.63;1816.52;VCC;BOTTOM_LAYER;2.82901;2.82901;2.70738e-12
1328.48;1051.52;TOP_LAYER;GND;2.82907;2.82907;-0
1328.48;1051.52;GND;VCC;2.82907;2.82907;-8.36255e-13
1328.48;1051.52;VCC;BOTTOM_LAYER;2.82907;2.82907;-0
1330.57;935.065;TOP_LAYER;GND;0.011502;0.011502;5.22208e-14
1330.57;935.065;GND;VCC;0.011502;0.0115298;-0.0215679
1330.57;935.065;VCC;BOTTOM_LAYER;0.0115298;0.011532;-0.0215679
1335.57;1659.43;TOP_LAYER;GND;0.0094805;0.0094805;5.22208e-14
1335.57;1659.43;GND;VCC;0.0094805;0.0094805;-3.36041e-14
1335.57;1659.43;VCC;BOTTOM_LAYER;0.0094805;0.0094805;-3.48139e-14
1335.57;2284.43;TOP_LAYER;GND;2.82903;2.82903;8.91235e-12
1335.57;2284.43;GND;VCC;2.82903;2.82903;9.97908e-12
1335.57;2284.43;VCC;BOTTOM_LAYER;2.82903;2.82903;-1.33685e-11
1338.07;2169.43;TOP_LAYER;GND;2.82901;2.82901;-0.00941571
1338.07;2169.43;GND;VCC;2.82901;2.82902;-0.00941571
1338.07;2169.43;VCC;BOTTOM_LAYER;2.82902;2.82902;-0.00161736
1366.57;1171.12;TOP_LAYER;GND;0.0110473;0.0110473;6.96277e-14
1366.57;1171.12;GND;VCC;0.0110473;0.0110473;-5.77991e-14
1366.57;1171.12;VCC;BOTTOM_LAYER;0.0110473;0.0110473;-5.22208e-14
1366.63;1741.52;TOP_LAYER;GND;2.82895;2.82895;-0.029924
1366.63;1741.52;GND;VCC;2.82895;2.82902;-0.029924
1366.63;1741.52;VCC;BOTTOM_LAYER;2.82902;2.82902;5.41475e-12
1370.46;973.805;TOP_LAYER;GND;0.011495;0.011495;5.22208e-14
1370.46;973.805;GND;VCC;0.011495;0.0115288;-0.0261456
1370.46;973.805;VCC;BOTTOM_LAYER;0.0115288;0.0115314;-0.0261456
1370.57;2584.43;TOP_LAYER;GND;0.0069642;0.0069685;-0.0431654
1370.57;2584.43;GND;VCC;0.0069685;0.00695456;0.0107984
1370.57;2584.43;VCC;BOTTOM_LAYER;0.00695456;0.00695348;0.0107984
1370.57;2619.43;TOP_LAYER;GND;0.00694865;0.00694821;0.00442873
1370.57;2619.43;GND;VCC;0.00694821;0.0069495;-0.000999783
1370.57;2619.43;VCC;BOTTOM_LAYER;0.0069495;0.0069496;-0.000999783
1370.57;2669.43;TOP_LAYER;GND;0.00693685;0.00693299;0.0387367
1370.57;2669.43;GND;VCC;0.00693299;0.00694563;-0.00979858
1370.57;2669.43;VCC;BOTTOM_LAYER;0.00694563;0.00694661;-0.00979858
1375.57;1684.43;TOP_LAYER;GND;0.00951226;0.00951226;3.48139e-14
1375.57;1684.43;GND;VCC;0.00951226;0.00951226;-3.49483e-14
1375.57;1684.43;VCC;BOTTOM_LAYER;0.00951226;0.00951226;-1.74069e-14
1397.67;142.333;TOP_LAYER;GND;2.82907;2.82907;2.08042e-11
1397.67;142.333;GND;VCC;2.82907;2.82907;2.24911e-11
1397.67;142.333;VCC;BOTTOM_LAYER;2.82907;2.82907;-1.04021e-11
1393.71;2170.6;TOP_LAYER;GND;2.829;2.82901;-0.0116772
1393.71;2170.6;GND;VCC;2.82901;2.82902;-0.0116772
1393.71;2170.6;VCC;BOTTOM_LAYER;2.82902;2.82902;0.00152625
1407.58;2504.43;TOP_LAYER;GND;0.00699741;0.00699741;3.48139e-14
1407.58;2504.43;GND;VCC;0.00699741;0.00699741;-3.83087e-14
1407.58;2504.43;VCC;BOTTOM_LAYER;0.00699741;0.00699741;-3.48139e-14
1413.44;1161.52;TOP_LAYER;GND;2.82908;2.82908;-5.41475e-12
1413.44;1161.52;GND;VCC;2.82908;2.82908;-5.64472e-12
1413.44;1161.52;VCC;BOTTOM_LAYER;2.82908;2.82908;8.12213e-12
1421.67;749.635;TOP_LAYER;GND;0.012048;0.012048;5.22208e-14
1421.67;749.635;GND;VCC;0.012048;0.012048;-1.20975e-14
1421.67;749.635;VCC;BOTTOM_LAYER;0.012048;0.012048;-0
1443.07;940.409;TOP_LAYER;GND;0.0116348;0.0116348;1.74069e-14
1443.07;940.409;GND;VCC;0.0116348;0.0115732;0.0477135
1443.07;940.409;VCC;BOTTOM_LAYER;0.0115732;0.0115685;0.0477135
1452.73;1208.8;TOP_LAYER;GND;0.0109257;0.0109257;-0
1452.73;1208.8;GND;VCC;0.0109257;0.0109257;-6.04874e-14
1452.73;1208.8;VCC;BOTTOM_LAYER;0.0109257;0.0109257;-5.22208e-14
1475.57;2028.01;TOP_LAYER;GND;0.00830526;0.00830151;0.0376587
1475.57;2028.01;GND;VCC;0.00830151;0.00830151;-4.57016e-14
1475.57;2028.01;VCC;BOTTOM_LAYER;0.00830151;0.00830151;-3.48139e-14
1490.56;717.736;TOP_LAYER;GND;0.0122092;0.0122092;5.22208e-14
1490.56;717.736;GND;VCC;0.0122092;0.0122092;-9.0059e-14
1490.56;717.736;VCC;BOTTOM_LAYER;0.0122092;0.0122092;-8.70347e-14
1497.67;142.333;TOP_LAYER;GND;0.0125158;0.0125158;1.219e-13
1497.67;142.333;GND;VCC;0.0125158;0.0125158;-9.41312e-15
1497.67;142.333;VCC;BOTTOM_LAYER;0.0125158;0.0125158;-0
1497.71;570.794;TOP_LAYER;GND;2.82907;2.82907;-2.70738e-12
1497.71;570.794;GND;VCC;2.82907;2.82907;-3.13595e-12
1497.71;570.794;VCC;BOTTOM_LAYER;2.82907;2.82907;-2.70738e-12
1499.94;1834.43;TOP_LAYER;GND;2.82902;2.82902;-0.0126533
1499.94;1834.43;GND;VCC;2.82902;2.82903;-0.0126533
1499.94;1834.43;VCC;BOTTOM_LAYER;2.82903;2.82904;-0.00583688
1498.29;989.287;TOP_LAYER;GND;2.82908;2.82908;5.41475e-12
1498.29;989.287;GND;VCC;2.82908;2.82908;4.5994e-12
1498.29;989.287;VCC;BOTTOM_LAYER;2.82908;2.82908;-8.12213e-12
1499.48;441.599;TOP_LAYER;GND;0.0124941;0.0124941;-1.05757e-14
1499.48;441.599;GND;VCC;0.0124941;0.0124941;3.26662e-14
1499.48;441.599;VCC;BOTTOM_LAYER;0.0124941;0.0124941;2.11514e-14
1526.16;2510.36;TOP_LAYER;GND;0.00664645;0.00664645;4.35173e-14
1526.16;2510.36;GND;VCC;0.00664645;0.00664645;-1.81462e-14
1526.16;2510.36;VCC;BOTTOM_LAYER;0.00664645;0.00664645;-8.70347e-15
1540.57;1834.43;TOP_LAYER;GND;2.82901;2.82901;-0.017364
1540.57;1834.43;GND;VCC;2.82901;2.82904;-0.017364
1540.57;1834.43;VCC;BOTTOM_LAYER;2.82904;2.82904;0.00583688
1582.57;366.432;TOP_LAYER;GND;0.0126236;0.0126236;5.22208e-14
1582.57;366.432;GND;VCC;0.0126236;0.0126236;-4.57016e-14
1582.57;366.432;VCC;BOTTOM_LAYER;0.0126236;0.0126236;-3.48139e-14
1582.57;435.281;TOP_LAYER;GND;0.0125869;0.0125869;5.22208e-14
1582.57;435.281;GND;VCC;0.0125869;0.0125869;-2.4195e-14
1582.57;435.281;VCC;BOTTOM_LAYER;0.0125869;0.0125869;-0
1635.57;246.684;TOP_LAYER;GND;0.0127885;0.0127885;5.22208e-14
1635.57;246.684;GND;VCC;0.0127885;0.0127885;-7.93057e-14
1635.57;246.684;VCC;BOTTOM_LAYER;0.0127885;0.0127885;-5.22208e-14
1659.57;2196.43;TOP_LAYER;GND;0.00737243;0.00737243;3.48139e-14
1659.57;2196.43;GND;VCC;0.00737243;0.00737243;-2.68833e-14
1659.57;2196.43;VCC;BOTTOM_LAYER;0.00737243;0.00737243;-1.74069e-14
1670.7;1555.41;TOP_LAYER;GND;0.0100318;0.0100318;5.22208e-14
1670.7;1555.41;GND;VCC;0.0100318;0.0100318;-5.10783e-14
1670.7;1555.41;VCC;BOTTOM_LAYER;0.0100318;0.0100318;-3.48139e-14
1702.42;1729.43;TOP_LAYER;GND;0.00932312;0.00931941;0.0372675
1702.42;1729.43;GND;VCC;0.00931941;0.00931941;-1.34417e-14
1702.42;1729.43;VCC;BOTTOM_LAYER;0.00931941;0.00931941;-0
1705.57;2389.43;TOP_LAYER;GND;0.00616079;0.00618909;-0.283966
1705.57;2389.43;GND;VCC;0.00618909;0.00612929;0.0463313
1705.57;2389.43;VCC;BOTTOM_LAYER;0.00612929;0.00612468;0.0463313
1705.57;2439.43;TOP_LAYER;GND;0.0060978;0.00608328;0.145696
1705.57;2439.43;GND;VCC;0.00608328;0.00611241;-0.022566
1705.57;2439.43;VCC;BOTTOM_LAYER;0.00611241;0.00611466;-0.022566
1711.57;771.432;TOP_LAYER;GND;0.012655;0.012655;5.22208e-14
1711.57;771.432;GND;VCC;0.012655;0.012655;-1.88183e-14
1711.57;771.432;VCC;BOTTOM_LAYER;0.012655;0.012655;-0
1715.57;1004.43;TOP_LAYER;GND;0.0120461;0.0120461;5.22208e-14
1715.57;1004.43;GND;VCC;0.0120461;0.0120461;4.30133e-14
1715.57;1004.43;VCC;BOTTOM_LAYER;0.0120461;0.0120461;5.22208e-14
1716.2;1124.43;TOP_LAYER;GND;0.0117715;0.0117715;5.22208e-14
1716.2;1124.43;GND;VCC;0.0117715;0.0117715;-4.16691e-14
1716.2;1124.43;VCC;BOTTOM_LAYER;0.0117715;0.0117715;-3.48139e-14
1720.57;2614.43;TOP_LAYER;GND;0.00545422;0.00546086;-0.0666355
1720.57;2614.43;GND;VCC;0.00546086;0.0054454;0.0119782
1720.57;2614.43;VCC;BOTTOM_LAYER;0.0054454;0.00544421;0.0119782
1720.57;2669.43;TOP_LAYER;GND;0.00542981;0.00542317;0.0666355
1720.57;2669.43;GND;VCC;0.00542317;0.00543862;-0.0119782
1720.57;2669.43;VCC;BOTTOM_LAYER;0.00543862;0.00543982;-0.0119782
1723.7;1202.01;TOP_LAYER;GND;0.0116778;0.0116778;6.96277e-14
1723.7;1202.01;GND;VCC;0.0116778;0.0116697;0.00626962
1723.7;1202.01;VCC;BOTTOM_LAYER;0.0116697;0.0116691;0.00626962
1724.4;246.684;TOP_LAYER;GND;0.0129103;0.0129103;8.70347e-14
1724.4;246.684;GND;VCC;0.0129103;0.0129103;-3.09158e-14
1724.4;246.684;VCC;BOTTOM_LAYER;0.0129103;0.0129103;-3.48139e-14
1728.19;735.377;TOP_LAYER;GND;0.0127183;0.0127183;-0
1728.19;735.377;GND;VCC;0.0127183;0.0127183;-6.85524e-14
1728.19;735.377;VCC;BOTTOM_LAYER;0.0127183;0.0127183;-6.96277e-14
1730.57;1514.43;TOP_LAYER;GND;2.82911;2.82911;1.33685e-11
1730.57;1514.43;GND;VCC;2.82911;2.82911;1.54848e-11
1730.57;1514.43;VCC;BOTTOM_LAYER;2.82911;2.82911;-1.33685e-11
1730.57;2099.43;TOP_LAYER;GND;2.829;2.82901;-0.0300171
1730.57;2099.43;GND;VCC;2.82901;2.82904;-0.0300171
1730.57;2099.43;VCC;BOTTOM_LAYER;2.82904;2.82904;-4.45617e-12
1742.13;589.432;TOP_LAYER;GND;0.0129406;0.0129406;5.22208e-14
1742.13;589.432;GND;VCC;0.0129406;0.0129406;-4.57016e-14
1742.13;589.432;VCC;BOTTOM_LAYER;0.0129406;0.0129406;-3.48139e-14
1745.57;2414.43;TOP_LAYER;GND;0.00609426;0.00608048;0.13827
1745.57;2414.43;GND;VCC;0.00608048;0.00611115;-0.0237652
1745.57;2414.43;VCC;BOTTOM_LAYER;0.00611115;0.00611352;-0.0237652
1752.4;664.747;TOP_LAYER;GND;0.0128972;0.0128972;8.70347e-14
1752.4;664.747;GND;VCC;0.0128972;0.0128972;-6.98966e-14
1752.4;664.747;VCC;BOTTOM_LAYER;0.0128972;0.0128972;-6.96277e-14
1752.4;783.432;TOP_LAYER;GND;2.82908;2.82908;-8.91235e-12
1752.4;783.432;GND;VCC;2.82908;2.82908;-5.84981e-12
1752.4;783.432;VCC;BOTTOM_LAYER;2.82908;2.82908;-1.33685e-11
1753.7;1230.68;TOP_LAYER;GND;0.0116552;0.0116552;6.96277e-14
1753.7;1230.68;GND;VCC;0.0116552;0.0116645;-0.00723678
1753.7;1230.68;VCC;BOTTOM_LAYER;0.0116645;0.0116653;-0.00723678
1768.7;1202.01;TOP_LAYER;GND;0.0116562;0.0116552;0.00986427
1768.7;1202.01;GND;VCC;0.0116552;0.0116633;-0.00629987
1768.7;1202.01;VCC;BOTTOM_LAYER;0.0116633;0.0116639;-0.00629987
1782.97;246.684;TOP_LAYER;GND;0.0130157;0.0130157;6.96277e-14
1782.97;246.684;GND;VCC;0.0130157;0.0130157;5.37666e-15
1782.97;246.684;VCC;BOTTOM_LAYER;0.0130157;0.0130157;1.74069e-14
1811.2;1229.43;TOP_LAYER;GND;0.0116768;0.0116778;-0.00986427
1811.2;1229.43;GND;VCC;0.0116778;0.0116684;0.00726703
1811.2;1229.43;VCC;BOTTOM_LAYER;0.0116684;0.0116676;0.00726703
1825.41;2028.01;TOP_LAYER;GND;0.00798203;0.00797826;0.0377746
1825.41;2028.01;GND;VCC;0.00797826;0.00797826;-4.43574e-14
1825.41;2028.01;VCC;BOTTOM_LAYER;0.00797826;0.00797826;-3.48139e-14
1832.57;246.684;TOP_LAYER;GND;0.0130683;0.0130683;-3.48139e-14
1832.57;246.684;GND;VCC;0.0130683;0.0130683;-7.25849e-14
1832.57;246.684;VCC;BOTTOM_LAYER;0.0130683;0.0130683;-5.22208e-14
1860.57;1954.43;TOP_LAYER;GND;2.82909;2.82909;1.33685e-11
1860.57;1954.43;GND;VCC;2.82909;2.82909;1.54848e-11
1860.57;1954.43;VCC;BOTTOM_LAYER;2.82909;2.82909;-8.91235e-12
1907.02;880.889;TOP_LAYER;GND;0.0131569;0.0131561;0.00877359
1907.02;880.889;GND;VCC;0.0131561;0.0131561;-7.25849e-14
1907.02;880.889;VCC;BOTTOM_LAYER;0.0131561;0.0131561;-5.22208e-14
1907.02;937.976;TOP_LAYER;GND;0.0130965;0.0130827;0.138267
1907.02;937.976;GND;VCC;0.0130827;0.0130827;-7.12407e-14
1907.02;937.976;VCC;BOTTOM_LAYER;0.0130827;0.0130827;-6.96277e-14
1912.02;370.889;TOP_LAYER;GND;0.0132325;0.0132297;0.0282681
1912.02;370.889;GND;VCC;0.0132297;0.0132297;-7.39291e-14
1912.02;370.889;VCC;BOTTOM_LAYER;0.0132297;0.0132297;-5.22208e-14
1912.02;427.976;TOP_LAYER;GND;0.0132482;0.0132453;0.0299117
1912.02;427.976;GND;VCC;0.0132453;0.0132453;-7.25849e-14
1912.02;427.976;VCC;BOTTOM_LAYER;0.0132453;0.0132453;-6.96277e-14
1931.57;2112.43;TOP_LAYER;GND;0.00750157;0.00750157;3.48139e-14
1931.57;2112.43;GND;VCC;0.00750157;0.00750157;-3.15879e-14
1931.57;2112.43;VCC;BOTTOM_LAYER;0.00750157;0.00750157;-1.74069e-14
1935.57;909.432;TOP_LAYER;GND;0.0131561;0.0131561;0.000755258
1935.57;909.432;GND;VCC;0.0131561;0.0131561;-7.25849e-14
1935.57;909.432;VCC;BOTTOM_LAYER;0.0131561;0.0131561;-5.22208e-14
1940.57;399.432;TOP_LAYER;GND;0.0132591;0.0132617;-0.0262947
1940.57;399.432;GND;VCC;0.0132617;0.0132617;-7.39291e-14
1940.57;399.432;VCC;BOTTOM_LAYER;0.0132617;0.0132617;-5.22208e-14
1949.5;1261.06;TOP_LAYER;GND;11.9382;11.9382;0.00624748
1949.5;1261.06;GND;VCC;11.9382;11.9382;0.00624748
1949.5;1261.06;VCC;BOTTOM_LAYER;11.9382;11.9382;0.000770788
1964.11;880.889;TOP_LAYER;GND;0.0133045;0.0133028;0.0169422
1964.11;880.889;GND;VCC;0.0133028;0.0133028;-6.31757e-14
1964.11;880.889;VCC;BOTTOM_LAYER;0.0133028;0.0133028;-5.22208e-14
1964.11;937.976;TOP_LAYER;GND;0.0131751;0.0131787;-0.0358561
1964.11;937.976;GND;VCC;0.0131787;0.0131787;-7.12407e-14
1964.11;937.976;VCC;BOTTOM_LAYER;0.0131787;0.0131787;-6.96277e-14
1965.56;1229.43;TOP_LAYER;GND;11.9382;11.9382;0.0168959
1965.56;1229.43;GND;VCC;11.9382;11.9382;0.0168959
1965.56;1229.43;VCC;BOTTOM_LAYER;11.9382;11.9382;-0.0554878
1969.11;370.889;TOP_LAYER;GND;0.0132616;0.0132617;-0.000977165
1969.11;370.889;GND;VCC;0.0132617;0.0132617;-7.39291e-14
1969.11;370.889;VCC;BOTTOM_LAYER;0.0132617;0.0132617;-5.22208e-14
1969.11;427.976;TOP_LAYER;GND;0.0132728;0.0132759;-0.0309079
1969.11;427.976;GND;VCC;0.0132759;0.0132759;-7.25849e-14
1969.11;427.976;VCC;BOTTOM_LAYER;0.0132759;0.0132759;-6.96277e-14
1975.57;59.4322;TOP_LAYER;GND;2.82907;2.82907;4.45617e-12
1975.57;59.4322;GND;VCC;2.82907;2.82907;5.16159e-12
1975.57;59.4322;VCC;BOTTOM_LAYER;2.82907;2.82907;-1.33685e-11
1995.57;1261.06;TOP_LAYER;GND;11.9382;11.9382;0.000978766
1995.57;1261.06;GND;VCC;11.9382;11.9382;0.000978766
1995.57;1261.06;VCC;BOTTOM_LAYER;11.9382;11.9382;0.00443228
2020.57;96.9322;TOP_LAYER;GND;0.0132896;0.0132896;-0
2020.57;96.9322;GND;VCC;0.0132896;0.0132896;-7.25849e-14
2020.57;96.9322;VCC;BOTTOM_LAYER;0.0132896;0.0132896;-6.96277e-14
2022.05;515.287;TOP_LAYER;GND;11.9355;11.9356;-0.37369
2022.05;515.287;GND;VCC;11.9356;11.936;-0.37369
2022.05;515.287;VCC;BOTTOM_LAYER;11.936;11.936;-7.12988e-11
2025.57;1609.43;TOP_LAYER;GND;0.0100439;0.0100439;5.22208e-14
2025.57;1609.43;GND;VCC;0.0100439;0.0100352;0.00676971
2025.57;1609.43;VCC;BOTTOM_LAYER;0.0100352;0.0100345;0.00676971
2025.57;1644.43;TOP_LAYER;GND;0.0098838;0.0098838;5.22208e-14
2025.57;1644.43;GND;VCC;0.0098838;0.00998919;-0.081662
2025.57;1644.43;VCC;BOTTOM_LAYER;0.00998919;0.00999733;-0.081662
2030.57;2163.43;TOP_LAYER;GND;0.00704522;0.00704342;0.0180457
2030.57;2163.43;GND;VCC;0.00704342;0.00704017;0.00251464
2030.57;2163.43;VCC;BOTTOM_LAYER;0.00704017;0.00703992;0.00251464
2039.93;1261.06;TOP_LAYER;GND;11.9382;11.9382;-0.00505979
2039.93;1261.06;GND;VCC;11.9382;11.9382;-0.00505979
2039.93;1261.06;VCC;BOTTOM_LAYER;11.9382;11.9382;0.00200442
2040.57;699.432;TOP_LAYER;GND;11.935;11.935;-0.540834
2040.57;699.432;GND;VCC;11.935;11.9357;-0.540834
2040.57;699.432;VCC;BOTTOM_LAYER;11.9357;11.9357;-5.34741e-11
2045.57;1569.43;TOP_LAYER;GND;0.0102099;0.0102099;5.22208e-14
2045.57;1569.43;GND;VCC;0.0102099;0.0100775;0.102591
2045.57;1569.43;VCC;BOTTOM_LAYER;0.0100775;0.0100673;0.102591
2045.57;2114.43;TOP_LAYER;GND;0.00711436;0.0071348;-0.205155
2045.57;2114.43;GND;VCC;0.0071348;0.00706249;0.05603
2045.57;2114.43;VCC;BOTTOM_LAYER;0.00706249;0.00705691;0.05603
2045.57;2214.43;TOP_LAYER;GND;0.00695123;0.006932;0.192981
2045.57;2214.43;GND;VCC;0.006932;0.00700148;-0.0538365
2045.57;2214.43;VCC;BOTTOM_LAYER;0.00700148;0.00700684;-0.0538365
2057.71;2593.86;TOP_LAYER;GND;0;0.000299971;-6.1601
2057.71;2593.86;GND;VCC;0.000299971;0.000299971;-1.71929e-16
2057.71;2593.86;VCC;BOTTOM_LAYER;0.000299971;0.000299971;-1.11324e-15
2070.57;498.763;TOP_LAYER;GND;11.9355;11.9355;-0.443564
2070.57;498.763;GND;VCC;11.9355;11.9361;-0.443564
2070.57;498.763;VCC;BOTTOM_LAYER;11.9361;11.9361;-5.34741e-11
2070.57;1609.43;TOP_LAYER;GND;0.0100812;0.0100812;5.22208e-14
2070.57;1609.43;GND;VCC;0.0100812;0.0100403;0.0317069
2070.57;1609.43;VCC;BOTTOM_LAYER;0.0100403;0.0100371;0.0317069
2070.57;1644.43;TOP_LAYER;GND;0.00990923;0.00990923;6.96277e-14
2070.57;1644.43;GND;VCC;0.00990923;0.00998589;-0.0594055
2070.57;1644.43;VCC;BOTTOM_LAYER;0.00998589;0.00999181;-0.0594055
2075.57;1261.06;TOP_LAYER;GND;11.9382;11.9382;-0.0190624
2075.57;1261.06;GND;VCC;11.9382;11.9382;-0.0190624
2075.57;1261.06;VCC;BOTTOM_LAYER;11.9382;11.9382;0.0482803
2075.82;1110.34;TOP_LAYER;GND;11.9379;11.9379;-3.56494e-11
2075.82;1110.34;GND;VCC;11.9379;11.9379;-2.47756e-11
2075.82;1110.34;VCC;BOTTOM_LAYER;11.9379;11.9379;-5.34741e-11
2085.57;699.432;TOP_LAYER;GND;11.9346;11.9346;-0.848321
2085.57;699.432;GND;VCC;11.9346;11.9357;-0.848321
2085.57;699.432;VCC;BOTTOM_LAYER;11.9357;11.9357;-5.34741e-11
2083.52;882.86;TOP_LAYER;GND;0.0140468;0.0140679;-0.128882
2083.52;882.86;GND;VCC;0.0140679;0.0142031;-0.0636373
2083.52;882.86;VCC;BOTTOM_LAYER;0.0142031;0.0142135;-0.0636373
2086.57;2204.43;TOP_LAYER;GND;0.00695262;0.00693918;0.134936
2086.57;2204.43;GND;VCC;0.00693918;0.00699904;-0.0463847
2086.57;2204.43;VCC;BOTTOM_LAYER;0.00699904;0.00700366;-0.0463847
2090.53;629.435;TOP_LAYER;GND;11.9347;11.9347;-0.793592
2090.53;629.435;GND;VCC;11.9347;11.9358;-0.793592
2090.53;629.435;VCC;BOTTOM_LAYER;11.9358;11.9358;-5.34741e-11
2100.57;2114.43;TOP_LAYER;GND;0.00711362;0.00712761;-0.140451
2100.57;2114.43;GND;VCC;0.00712761;0.00706317;0.0499339
2100.57;2114.43;VCC;BOTTOM_LAYER;0.00706317;0.00705819;0.0499339
2100.57;2159.43;TOP_LAYER;GND;0.00703429;0.00703491;-0.00618586
2100.57;2159.43;GND;VCC;0.00703491;0.00703173;0.00246111
2100.57;2159.43;VCC;BOTTOM_LAYER;0.00703173;0.00703149;0.00246111
2120.57;1830.07;TOP_LAYER;GND;0.00903203;0.00903203;1.74069e-14
2120.57;1830.07;GND;VCC;0.00903203;0.00903203;-4.83899e-14
2120.57;1830.07;VCC;BOTTOM_LAYER;0.00903203;0.00903203;-5.22208e-14
2132.15;759.236;TOP_LAYER;GND;0.0148887;0.0148887;6.96277e-14
2132.15;759.236;GND;VCC;0.0148887;0.0157881;-0.696916
2132.15;759.236;VCC;BOTTOM_LAYER;0.0157881;0.0158575;-0.696916
2133.56;2214.43;TOP_LAYER;GND;0.00694675;0.00693528;0.11511
2133.56;2214.43;GND;VCC;0.00693528;0.00699359;-0.0451828
2133.56;2214.43;VCC;BOTTOM_LAYER;0.00699359;0.00699809;-0.0451828
2133.7;586.011;TOP_LAYER;GND;0.0139172;0.0139172;3.48139e-14
2133.7;586.011;GND;VCC;0.0139172;0.0139172;-7.66174e-14
2133.7;586.011;VCC;BOTTOM_LAYER;0.0139172;0.0139172;-6.96277e-14
2139.56;1074.43;TOP_LAYER;GND;0.0140815;0.0140815;-1.74069e-14
2139.56;1074.43;GND;VCC;0.0140815;0.0147505;-0.518398
2139.56;1074.43;VCC;BOTTOM_LAYER;0.0147505;0.0148022;-0.518398
2142.57;2164.43;TOP_LAYER;GND;0.00703586;0.00703756;-0.0170537
2142.57;2164.43;GND;VCC;0.00703756;0.00703138;0.00478374
2142.57;2164.43;VCC;BOTTOM_LAYER;0.00703138;0.00703091;0.00478374
2147.57;279.433;TOP_LAYER;GND;0.0134539;0.0134539;5.22208e-14
2147.57;279.433;GND;VCC;0.0134539;0.0134902;-0.0281106
2147.57;279.433;VCC;BOTTOM_LAYER;0.0134902;0.013493;-0.0281106
2147.93;1119.43;TOP_LAYER;GND;0.0140131;0.0140131;6.96277e-14
2147.93;1119.43;GND;VCC;0.0140131;0.0146448;-0.48946
2147.93;1119.43;VCC;BOTTOM_LAYER;0.0146448;0.0146936;-0.48946
2147.93;1169.43;TOP_LAYER;GND;0.0138289;0.0138289;6.96277e-14
2147.93;1169.43;GND;VCC;0.0138289;0.0144712;-0.497673
2147.93;1169.43;VCC;BOTTOM_LAYER;0.0144712;0.0145208;-0.497673
2155.57;2114.43;TOP_LAYER;GND;0.00711372;0.0071261;-0.124216
2155.57;2114.43;GND;VCC;0.0071261;0.00706321;0.0487313
2155.57;2114.43;VCC;BOTTOM_LAYER;0.00706321;0.00705835;0.0487313
2155.57;2214.43;TOP_LAYER;GND;0.00694675;0.0069374;0.0938535
2155.57;2214.43;GND;VCC;0.0069374;0.00699374;-0.0436591
2155.57;2214.43;VCC;BOTTOM_LAYER;0.00699374;0.00699809;-0.0436591
2160.57;794.432;TOP_LAYER;GND;0.015029;0.015029;6.96277e-14
2160.57;794.432;GND;VCC;0.015029;0.0157016;-0.521169
2160.57;794.432;VCC;BOTTOM_LAYER;0.0157016;0.0157536;-0.521169
2165.25;979.432;TOP_LAYER;GND;11.9368;11.9369;-0.517644
2165.25;979.432;GND;VCC;11.9369;11.9375;-0.517644
2165.25;979.432;VCC;BOTTOM_LAYER;11.9375;11.9375;-7.12988e-11
2168.07;1025.42;TOP_LAYER;GND;11.9366;11.9367;-0.686812
2168.07;1025.42;GND;VCC;11.9367;11.9376;-0.686812
2168.07;1025.42;VCC;BOTTOM_LAYER;11.9376;11.9376;-5.34741e-11
2171.57;2179.43;TOP_LAYER;GND;0.00703928;0.00703756;0.0172831
2171.57;2179.43;GND;VCC;0.00703756;0.0070337;0.00298596
2171.57;2179.43;VCC;BOTTOM_LAYER;0.0070337;0.00703341;0.00298596
2179.57;293.432;TOP_LAYER;GND;0.013496;0.013496;5.22208e-14
2179.57;293.432;GND;VCC;0.013496;0.0135011;-0.00394872
2179.57;293.432;VCC;BOTTOM_LAYER;0.0135011;0.0135014;-0.00394872
2180.59;1196.93;TOP_LAYER;GND;0.0138593;0.0138593;6.96277e-14
2180.59;1196.93;GND;VCC;0.0138593;0.0146246;-0.593057
2180.59;1196.93;VCC;BOTTOM_LAYER;0.0146246;0.0146837;-0.593057
2188.7;764.44;TOP_LAYER;GND;0.015217;0.015217;6.96277e-14
2188.7;764.44;GND;VCC;0.015217;0.0160115;-0.615655
2188.7;764.44;VCC;BOTTOM_LAYER;0.0160115;0.0160729;-0.615655
2192.46;836.184;TOP_LAYER;GND;0.0150802;0.0150802;6.96277e-14
2192.46;836.184;GND;VCC;0.0150802;0.0155645;-0.37524
2192.46;836.184;VCC;BOTTOM_LAYER;0.0155645;0.0156019;-0.37524
2195.57;2134.43;TOP_LAYER;GND;0.00712222;0.00714313;-0.209907
2195.57;2134.43;GND;VCC;0.00714313;0.00706488;0.0606348
2195.57;2134.43;VCC;BOTTOM_LAYER;0.00706488;0.00705884;0.0606348
2195.57;2214.43;TOP_LAYER;GND;0.00696723;0.0069542;0.130759
2195.57;2214.43;GND;VCC;0.0069542;0.00700455;-0.0390123
2195.57;2214.43;VCC;BOTTOM_LAYER;0.00700455;0.00700844;-0.0390123
2200.57;979.432;TOP_LAYER;GND;11.9368;11.9369;-0.736854
2200.57;979.432;GND;VCC;11.9369;11.9378;-0.736854
2200.57;979.432;VCC;BOTTOM_LAYER;11.9378;11.9378;-7.12988e-11
2200.57;1025.42;TOP_LAYER;GND;11.9365;11.9366;-1.05869
2200.57;1025.42;GND;VCC;11.9366;11.9379;-1.05869
2200.57;1025.42;VCC;BOTTOM_LAYER;11.9379;11.9379;-7.12988e-11
2217.76;794.432;TOP_LAYER;GND;0.0151759;0.0151759;6.96277e-14
2217.76;794.432;GND;VCC;0.0151759;0.0157076;-0.412047
2217.76;794.432;VCC;BOTTOM_LAYER;0.0157076;0.0157487;-0.412047
2225.57;836.184;TOP_LAYER;GND;0.01505;0.01505;6.96277e-14
2225.57;836.184;GND;VCC;0.01505;0.0155391;-0.378973
2225.57;836.184;VCC;BOTTOM_LAYER;0.0155391;0.0155768;-0.378973
2228.7;1204.43;TOP_LAYER;GND;0.0135498;0.0135498;5.22208e-14
2228.7;1204.43;GND;VCC;0.0135498;0.014631;-0.837774
2228.7;1204.43;VCC;BOTTOM_LAYER;0.014631;0.0147145;-0.837774
2237.57;2519.43;TOP_LAYER;GND;11.9927;11.9926;0.80257
2237.57;2519.43;GND;VCC;11.9926;11.9916;0.80257
2237.57;2519.43;VCC;BOTTOM_LAYER;11.9916;11.9916;-7.12988e-11
2238.57;1651.24;TOP_LAYER;GND;0.0099918;0.00999179;0.0001
2238.57;1651.24;GND;VCC;0.00999179;0.00999179;-5.37666e-14
2238.57;1651.24;VCC;BOTTOM_LAYER;0.00999179;0.00999179;-5.22208e-14
2254.56;2593.86;TOP_LAYER;GND;11.9938;11.9938;1.9353
2254.56;2593.86;GND;VCC;11.9938;11.9925;1.9353
2254.56;2593.86;VCC;BOTTOM_LAYER;11.9925;11.9925;-0
2250.57;302.432;TOP_LAYER;GND;0.0135219;0.0135219;5.22208e-14
2250.57;302.432;GND;VCC;0.0135219;0.0135186;0.00253474
2250.57;302.432;VCC;BOTTOM_LAYER;0.0135186;0.0135183;0.00253474
2260.57;1364.43;TOP_LAYER;GND;0.0118185;0.0118185;-0
2260.57;1364.43;GND;VCC;0.0118185;0.0118185;-6.31757e-14
2260.57;1364.43;VCC;BOTTOM_LAYER;0.0118185;0.0118185;-6.96277e-14
2271.57;2500.43;TOP_LAYER;GND;11.9922;11.9921;0.392418
2271.57;2500.43;GND;VCC;11.9921;11.9916;0.392418
2271.57;2500.43;VCC;BOTTOM_LAYER;11.9916;11.9916;-7.12988e-11
2298.07;1830.07;TOP_LAYER;GND;0.00905672;0.00905672;3.48139e-14
2298.07;1830.07;GND;VCC;0.00905672;0.00905672;-6.18316e-14
2298.07;1830.07;VCC;BOTTOM_LAYER;0.00905672;0.00905672;-5.22208e-14
2299.55;302.432;TOP_LAYER;GND;0.0135683;0.0135683;5.22208e-14
2299.55;302.432;GND;VCC;0.0135683;0.0135302;0.0295246
2299.55;302.432;VCC;BOTTOM_LAYER;0.0135302;0.0135273;0.0295246
2306.07;2555.93;TOP_LAYER;GND;11.9921;11.992;0.301287
2306.07;2555.93;GND;VCC;11.992;11.9916;0.301287
2306.07;2555.93;VCC;BOTTOM_LAYER;11.9916;11.9916;-5.34741e-11
2306.07;2599.43;TOP_LAYER;GND;11.9921;11.9921;0.124181
2306.07;2599.43;GND;VCC;11.9921;11.9919;0.124181
2306.07;2599.43;VCC;BOTTOM_LAYER;11.9919;11.9919;-5.34741e-11
2306.07;2635.43;TOP_LAYER;GND;11.9921;11.9921;0.141069
2306.07;2635.43;GND;VCC;11.9921;11.9919;0.141069
2306.07;2635.43;VCC;BOTTOM_LAYER;11.9919;11.9919;-5.34741e-11
2306.57;2508.43;TOP_LAYER;GND;11.9919;11.9919;0.519532
2306.57;2508.43;GND;VCC;11.9919;11.9912;0.519532
2306.57;2508.43;VCC;BOTTOM_LAYER;11.9912;11.9912;-5.34741e-11
2310.57;1704.43;TOP_LAYER;GND;0.00979247;0.00979247;-3.48139e-14
2310.57;1704.43;GND;VCC;0.00979247;0.00979247;-5.37666e-14
2310.57;1704.43;VCC;BOTTOM_LAYER;0.00979247;0.00979247;-5.22208e-14
2330.57;1634.43;TOP_LAYER;GND;0.0102893;0.0102893;8.70347e-14
2330.57;1634.43;GND;VCC;0.0102893;0.0102893;-5.77991e-14
2330.57;1634.43;VCC;BOTTOM_LAYER;0.0102893;0.0102893;-3.48139e-14
2359.57;2555.93;TOP_LAYER;GND;11.9917;11.9916;0.541989
2359.57;2555.93;GND;VCC;11.9916;11.9909;0.541989
2359.57;2555.93;VCC;BOTTOM_LAYER;11.9909;11.9909;-5.34741e-11
2359.57;2633.43;TOP_LAYER;GND;11.9918;11.9918;0.224127
2359.57;2633.43;GND;VCC;11.9918;11.9915;0.224127
2359.57;2633.43;VCC;BOTTOM_LAYER;11.9915;11.9915;-5.34741e-11
2363.57;2508.43;TOP_LAYER;GND;11.9916;11.9916;0.911531
2363.57;2508.43;GND;VCC;11.9916;11.9904;0.911531
2363.57;2508.43;VCC;BOTTOM_LAYER;11.9904;11.9904;-5.34741e-11
2363.57;2590.43;TOP_LAYER;GND;11.9917;11.9917;0.266094
2363.57;2590.43;GND;VCC;11.9917;11.9913;0.266094
2363.57;2590.43;VCC;BOTTOM_LAYER;11.9913;11.9913;-5.34741e-11
2395.57;1634.43;TOP_LAYER;GND;0.0103868;0.0103868;3.48139e-14
2395.57;1634.43;GND;VCC;0.0103868;0.0103868;-5.64549e-14
2395.57;1634.43;VCC;BOTTOM_LAYER;0.0103868;0.0103868;-5.22208e-14
2415.57;1329.43;TOP_LAYER;GND;2.82951;2.82951;0.0320675
2415.57;1329.43;GND;VCC;2.82951;2.82947;0.0320675
2415.57;1329.43;VCC;BOTTOM_LAYER;2.82947;2.82947;-1.78247e-11
2415.57;1379.43;TOP_LAYER;GND;2.82953;2.82953;0.047408
2415.57;1379.43;GND;VCC;2.82953;2.82947;0.047408
2415.57;1379.43;VCC;BOTTOM_LAYER;2.82947;2.82947;-1.78247e-11
2438.57;2187.43;TOP_LAYER;GND;11.984;11.984;0.182283
2438.57;2187.43;GND;VCC;11.984;11.9838;0.182283
2438.57;2187.43;VCC;BOTTOM_LAYER;11.9838;11.9838;-0.474584
2441.57;360.432;TOP_LAYER;GND;11.9385;11.9385;0.0363287
2441.57;360.432;GND;VCC;11.9385;11.9385;0.0363287
2441.57;360.432;VCC;BOTTOM_LAYER;11.9385;11.9385;-8.91235e-11
2443.57;2237.43;TOP_LAYER;GND;11.9842;11.9842;-0.0188648
2443.57;2237.43;GND;VCC;11.9842;11.9842;-0.0188648
2443.57;2237.43;VCC;BOTTOM_LAYER;11.9842;11.9842;0.0312862
2443.88;2291.64;TOP_LAYER;GND;11.9843;11.9844;-0.231951
2443.88;2291.64;GND;VCC;11.9844;11.9847;-0.231951
2443.88;2291.64;VCC;BOTTOM_LAYER;11.9847;11.9846;0.570269
2443.88;2331.64;TOP_LAYER;GND;11.9844;11.9845;-0.406028
2443.88;2331.64;GND;VCC;11.9845;11.985;-0.406028
2443.88;2331.64;VCC;BOTTOM_LAYER;11.985;11.9849;1.17998
2454.57;1663.43;TOP_LAYER;GND;11.974;11.974;-0.0481027
2454.57;1663.43;GND;VCC;11.974;11.9741;-0.0481027
2454.57;1663.43;VCC;BOTTOM_LAYER;11.9741;11.9741;-0.0384697
2457.57;1701.93;TOP_LAYER;GND;11.9741;11.9741;-0.1104
2457.57;1701.93;GND;VCC;11.9741;11.9742;-0.1104
2457.57;1701.93;VCC;BOTTOM_LAYER;11.9742;11.9742;0.0216692
2457.57;1746.94;TOP_LAYER;GND;11.9741;11.9741;-0.208235
2457.57;1746.94;GND;VCC;11.9741;11.9744;-0.208235
2457.57;1746.94;VCC;BOTTOM_LAYER;11.9744;11.9743;0.511914
2465.57;309.432;TOP_LAYER;GND;11.9385;11.9385;0.0234678
2465.57;309.432;GND;VCC;11.9385;11.9385;0.0234678
2465.57;309.432;VCC;BOTTOM_LAYER;11.9385;11.9385;-7.12988e-11
2470.57;1349.43;TOP_LAYER;GND;2.82953;2.82953;0.0285312
2470.57;1349.43;GND;VCC;2.82953;2.82949;0.0285312
2470.57;1349.43;VCC;BOTTOM_LAYER;2.82949;2.82949;-1.33685e-11
2483.88;2293.85;TOP_LAYER;GND;11.9843;11.9843;-0.126929
2483.88;2293.85;GND;VCC;11.9843;11.9845;-0.126929
2483.88;2293.85;VCC;BOTTOM_LAYER;11.9845;11.9844;0.193097
2496.57;2230.43;TOP_LAYER;GND;11.9841;11.9841;0.0385293
2496.57;2230.43;GND;VCC;11.9841;11.9841;0.0385293
2496.57;2230.43;VCC;BOTTOM_LAYER;11.9841;11.9841;-0.113791
2500.37;1663.43;TOP_LAYER;GND;11.974;11.974;-0.0142622
2500.37;1663.43;GND;VCC;11.974;11.974;-0.0142622
2500.37;1663.43;VCC;BOTTOM_LAYER;11.974;11.974;0.0893252
2500.37;1701.93;TOP_LAYER;GND;11.974;11.974;-0.0702893
2500.37;1701.93;GND;VCC;11.974;11.9741;-0.0702893
2500.37;1701.93;VCC;BOTTOM_LAYER;11.9741;11.9741;0.0942527
2500.37;1746.94;TOP_LAYER;GND;11.9741;11.9741;-0.181079
2500.37;1746.94;GND;VCC;11.9741;11.9743;-0.181079
2500.37;1746.94;VCC;BOTTOM_LAYER;11.9743;11.9743;0.512073
2505.57;1329.43;TOP_LAYER;GND;2.82952;2.82952;0.0163019
2505.57;1329.43;GND;VCC;2.82952;2.8295;0.0163019
2505.57;1329.43;VCC;BOTTOM_LAYER;2.8295;2.8295;-1.33685e-11
2505.57;1379.43;TOP_LAYER;GND;2.82955;2.82955;0.0356913
2505.57;1379.43;GND;VCC;2.82955;2.8295;0.0356913
2505.57;1379.43;VCC;BOTTOM_LAYER;2.8295;2.8295;-1.78247e-11
2507.48;309.432;TOP_LAYER;GND;11.9386;11.9386;0.00651224
2507.48;309.432;GND;VCC;11.9386;11.9385;0.00651224
2507.48;309.432;VCC;BOTTOM_LAYER;11.9385;11.9385;-7.12988e-11
2507.48;359.432;TOP_LAYER;GND;11.9385;11.9386;-0.0153748
2507.48;359.432;GND;VCC;11.9386;11.9386;-0.0153748
2507.48;359.432;VCC;BOTTOM_LAYER;11.9386;11.9386;-5.34741e-11
2507.58;2187.43;TOP_LAYER;GND;11.984;11.984;0.196129
2507.58;2187.43;GND;VCC;11.984;11.9838;0.196129
2507.58;2187.43;VCC;BOTTOM_LAYER;11.9838;11.9838;-0.618989
2516.38;2333.85;TOP_LAYER;GND;11.9843;11.9843;-0.182922
2516.38;2333.85;GND;VCC;11.9843;11.9846;-0.182922
2516.38;2333.85;VCC;BOTTOM_LAYER;11.9846;11.9845;0.462179
2528.88;2291.64;TOP_LAYER;GND;11.9842;11.9842;-0.0647063
2528.88;2291.64;GND;VCC;11.9842;11.9843;-0.0647063
2528.88;2291.64;VCC;BOTTOM_LAYER;11.9843;11.9843;0.123826
2540.57;334.432;TOP_LAYER;GND;11.9386;11.9386;-0.050934
2540.57;334.432;GND;VCC;11.9386;11.9386;-0.050934
2540.57;334.432;VCC;BOTTOM_LAYER;11.9386;11.9386;-5.34741e-11
2541.35;1748.14;TOP_LAYER;GND;11.974;11.974;-0.135666
2541.35;1748.14;GND;VCC;11.974;11.9742;-0.135666
2541.35;1748.14;VCC;BOTTOM_LAYER;11.9742;11.9741;0.846608
2543.57;2230.43;TOP_LAYER;GND;11.9841;11.9841;0.0812479
2543.57;2230.43;GND;VCC;11.9841;11.984;0.0812479
2543.57;2230.43;VCC;BOTTOM_LAYER;11.984;11.984;-0.21533
2548.57;1655.43;TOP_LAYER;GND;11.9739;11.9739;0.140521
2548.57;1655.43;GND;VCC;11.9739;11.9737;0.140521
2548.57;1655.43;VCC;BOTTOM_LAYER;11.9737;11.9737;-0.208729
2551.57;2187.43;TOP_LAYER;GND;11.9839;11.9839;0.20029
2551.57;2187.43;GND;VCC;11.9839;11.9837;0.20029
2551.57;2187.43;VCC;BOTTOM_LAYER;11.9837;11.9837;-0.350999
2560.57;1694.43;TOP_LAYER;GND;11.9739;11.9739;0.0434672
2560.57;1694.43;GND;VCC;11.9739;11.9739;0.0434672
2560.57;1694.43;VCC;BOTTOM_LAYER;11.9739;11.9739;-0.151082
2575.57;1589.43;TOP_LAYER;GND;0.010814;0.010814;5.22208e-14
2575.57;1589.43;GND;VCC;0.010814;0.010814;-5.91432e-14
2575.57;1589.43;VCC;BOTTOM_LAYER;0.010814;0.010814;-5.22208e-14
2578.57;1733.43;TOP_LAYER;GND;11.974;11.974;-0.0395214
2578.57;1733.43;GND;VCC;11.974;11.9741;-0.0395214
2578.57;1733.43;VCC;BOTTOM_LAYER;11.9741;11.9741;-0.494612
2578.88;2291.64;TOP_LAYER;GND;11.9842;11.9842;0.00666893
2578.88;2291.64;GND;VCC;11.9842;11.9842;0.00666893
2578.88;2291.64;VCC;BOTTOM_LAYER;11.9842;11.9842;-0.0699449
2578.88;2333.85;TOP_LAYER;GND;11.9843;11.9843;-0.0662253
2578.88;2333.85;GND;VCC;11.9843;11.9843;-0.0662253
2578.88;2333.85;VCC;BOTTOM_LAYER;11.9843;11.9843;-0.00144583
2587.57;2187.43;TOP_LAYER;GND;11.9839;11.9838;0.263829
2587.57;2187.43;GND;VCC;11.9838;11.9835;0.263829
2587.57;2187.43;VCC;BOTTOM_LAYER;11.9835;11.9835;-0.533984
2587.57;2228.43;TOP_LAYER;GND;11.984;11.984;0.128649
2587.57;2228.43;GND;VCC;11.984;11.9838;0.128649
2587.57;2228.43;VCC;BOTTOM_LAYER;11.9838;11.9838;-0.181567
2615.57;1655.43;TOP_LAYER;GND;11.9738;11.9737;0.492677
2615.57;1655.43;GND;VCC;11.9737;11.9731;0.492677
2615.57;1655.43;VCC;BOTTOM_LAYER;11.9731;11.9733;-2.04243
2615.57;1701.93;TOP_LAYER;GND;11.9738;11.9738;0.0823139
2615.57;1701.93;GND;VCC;11.9738;11.9737;0.0823139
2615.57;1701.93;VCC;BOTTOM_LAYER;11.9737;11.9737;0.151453
2615.57;1749.43;TOP_LAYER;GND;11.9739;11.9739;-0.111523
2615.57;1749.43;GND;VCC;11.9739;11.9741;-0.111523
2615.57;1749.43;VCC;BOTTOM_LAYER;11.9741;11.974;0.708033
